time,annulus,4,225,1,Dionysus,71.52128032
time,annulus,2,250,1,Dionysus,71.52730092
time,annulus,3,250,1,Dionysus,162.6979417
time,annulus,4,250,1,Dionysus,105.7106993
time,annulus,2,275,1,Dionysus,176.3540945
time,annulus,3,275,1,Dionysus,140.418795
time,annulus,4,275,1,Dionysus,189.1687477
time,annulus,2,300,1,Dionysus,119.04829
time,annulus,3,300,1,Dionysus,449.5292111
time,annulus,4,300,1,Dionysus,349.9569457
time,annulus,2,325,1,Dionysus,237.2304309
time,annulus,3,325,1,Dionysus,388.0063693
time,annulus,4,325,1,Dionysus,351.5279867
time,annulus,2,350,1,Dionysus,314.2357304
time,annulus,3,350,1,Dionysus,458.1314424
time,annulus,4,350,1,Dionysus,559.6591016
time,annulus,2,375,1,Dionysus,315.7596177
time,annulus,3,375,1,Dionysus,709.7187362
time,annulus,4,375,1,Dionysus,753.9862712
time,annulus,2,400,1,Dionysus,471.5378224
time,annulus,3,400,1,Dionysus,815.1516283
time,annulus,4,400,1,Dionysus,980.5432278
time,annulus,2,425,1,Dionysus,728.7203398
time,annulus,3,425,1,Dionysus,1352.218238
time,annulus,4,425,1,Dionysus,1406.028547
time,annulus,2,450,1,Dionysus,797.023887
time,annulus,3,450,1,Dionysus,1582.840451
time,annulus,4,450,1,Dionysus,1307.582312
time,circle,2,50,1,stats,0.001140482
time,circle,3,50,1,stats,0.001015443
time,circle,4,50,1,stats,0.001145049
time,circle,2,60,1,stats,0.001463031
time,circle,3,60,1,stats,0.001363596
time,circle,4,60,1,stats,0.001463241
time,circle,2,70,1,stats,0.002845986
time,circle,3,70,1,stats,0.002330029
time,circle,4,70,1,stats,0.002115107
time,circle,2,80,1,stats,0.004438269
time,circle,3,80,1,stats,0.002510802
time,circle,4,80,1,stats,0.002675577
time,circle,2,90,1,stats,0.004060017
time,circle,3,90,1,stats,0.003255812
time,circle,4,90,1,stats,0.003422863
time,circle,2,100,1,stats,0.006028606
time,circle,3,100,1,stats,0.004421349
time,circle,4,100,1,stats,0.004808322
time,circle,2,110,1,stats,0.00753479
time,circle,3,110,1,stats,0.005990031
time,circle,4,110,1,stats,0.006637491
time,circle,2,120,1,stats,0.011198921
time,circle,3,120,1,stats,0.005547542
time,circle,4,120,1,stats,0.006234361
time,circle,2,130,1,stats,0.0120765
time,circle,3,130,1,stats,0.006706697
time,circle,4,130,1,stats,0.008322099
time,circle,2,140,1,stats,0.016706966
time,circle,3,140,1,stats,0.007468811
time,circle,4,140,1,stats,0.010961535
time,circle,2,150,1,stats,0.020194302
time,circle,3,150,1,stats,0.009319308
time,circle,4,150,1,stats,0.009531496
time,circle,2,160,1,stats,0.021015473
time,circle,3,160,1,stats,0.010213436
time,circle,4,160,1,stats,0.012792774
time,circle,2,170,1,stats,0.027849503
time,circle,3,170,1,stats,0.011061309
time,circle,4,170,1,stats,0.013679536
time,circle,2,180,1,stats,0.027779547
time,circle,3,180,1,stats,0.013224007
time,circle,4,180,1,stats,0.014823487
time,circle,2,190,1,stats,0.034674995
time,circle,3,190,1,stats,0.014052675
time,circle,4,190,1,stats,0.019653187
time,circle,2,200,1,stats,0.045535679
time,circle,3,200,1,stats,0.017129562
time,circle,4,200,1,stats,0.019758651
time,circle,2,210,1,stats,0.043104815
time,circle,3,210,1,stats,0.021266702
time,circle,4,210,1,stats,0.022655815
time,circle,2,220,1,stats,0.071683071
time,circle,3,220,1,stats,0.022245064
time,circle,4,220,1,stats,0.025577026
time,circle,2,230,1,stats,0.098890973
time,circle,3,230,1,stats,0.025633605
time,circle,4,230,1,stats,0.037509597
time,circle,2,240,1,stats,0.081162526
time,circle,3,240,1,stats,0.025368547
time,circle,4,240,1,stats,0.031383445
time,circle,2,250,1,stats,0.086704752
time,circle,3,250,1,stats,0.027246304
time,circle,4,250,1,stats,0.031848354
time,circle,2,260,1,stats,0.131727508
time,circle,3,260,1,stats,0.033400995
time,circle,4,260,1,stats,0.034930075
time,circle,2,270,1,stats,0.116759058
time,circle,3,270,1,stats,0.031370234
time,circle,4,270,1,stats,0.045040942
time,circle,2,280,1,stats,0.120380043
time,circle,3,280,1,stats,0.042967053
time,circle,4,280,1,stats,0.058258538
time,circle,2,290,1,stats,0.168690076
time,circle,3,290,1,stats,0.039002629
time,circle,4,290,1,stats,0.04773139
time,circle,2,300,1,stats,0.214903096
time,circle,3,300,1,stats,0.042144254
time,circle,4,300,1,stats,0.053518649
time,circle,2,310,1,stats,0.143314202
time,circle,3,310,1,stats,0.049812133
time,circle,4,310,1,stats,0.049716652
time,circle,2,320,1,stats,0.262324434
time,circle,3,320,1,stats,0.045770352
time,circle,4,320,1,stats,0.064457076
time,circle,2,330,1,stats,0.278084869
time,circle,3,330,1,stats,0.046819468
time,circle,4,330,1,stats,0.057333325
time,circle,2,340,1,stats,0.268622297
time,circle,3,340,1,stats,0.050396859
time,circle,4,340,1,stats,0.06319536
time,circle,2,350,1,stats,0.306299569
time,circle,3,350,1,stats,0.060607433
time,circle,4,350,1,stats,0.073231447
time,circle,2,360,1,stats,0.371514682
time,circle,3,360,1,stats,0.058298517
time,circle,4,360,1,stats,0.071933601
time,circle,2,370,1,stats,0.375447357
time,circle,3,370,1,stats,0.058804895
time,circle,4,370,1,stats,0.082214406
time,circle,2,380,1,stats,0.366377341
time,circle,3,380,1,stats,0.069608082
time,circle,4,380,1,stats,0.090116368
time,circle,2,390,1,stats,0.447114219
time,circle,3,390,1,stats,0.074623551
time,circle,4,390,1,stats,0.080922226
time,circle,2,400,1,stats,0.400866195
time,circle,3,400,1,stats,0.084683616
time,circle,4,400,1,stats,0.099490966
time,circle,2,410,1,stats,0.381946845
time,circle,3,410,1,stats,0.077667041
time,circle,4,410,1,stats,0.087253073
time,circle,2,420,1,stats,0.546249902
time,circle,3,420,1,stats,0.081119695
time,circle,4,420,1,stats,0.120025049
time,circle,2,430,1,stats,0.576639356
time,circle,3,430,1,stats,0.083778152
time,circle,4,430,1,stats,0.106153676
time,circle,2,440,1,stats,0.584565005
time,circle,3,440,1,stats,0.094762885
time,circle,4,440,1,stats,0.111211949
time,circle,2,450,1,stats,0.528052442
time,circle,3,450,1,stats,0.100189494
time,circle,4,450,1,stats,0.149600773
time,circle,2,460,1,stats,0.83238961
time,circle,3,460,1,stats,0.122697411
time,circle,4,460,1,stats,0.164361344
time,circle,2,470,1,stats,0.983486081
time,circle,3,470,1,stats,0.155226044
time,circle,4,470,1,stats,0.160245917
time,circle,2,480,1,stats,0.938906868
time,circle,3,480,1,stats,0.113929094
time,circle,4,480,1,stats,0.160203552
time,circle,2,490,1,stats,0.744089011
time,circle,3,490,1,stats,0.115519184
time,circle,4,490,1,stats,0.139607308
time,circle,2,500,1,stats,1.031157705
time,circle,3,500,1,stats,0.11744328
time,circle,4,500,1,stats,0.18379466
time,circle,3,50,2,stats,0.011599864
time,circle,4,50,2,stats,0.012431434
time,circle,3,60,2,stats,0.02198129
time,circle,4,60,2,stats,0.021298448
time,circle,3,70,2,stats,0.040936565
time,circle,4,70,2,stats,0.034439435
time,circle,3,80,2,stats,0.058167679
time,circle,4,80,2,stats,0.060415234
time,circle,3,90,2,stats,0.082691267
time,circle,4,90,2,stats,0.07229504
time,circle,3,100,2,stats,0.126464419
time,circle,4,100,2,stats,0.110140756
time,circle,3,110,2,stats,0.196674013
time,circle,4,110,2,stats,0.146011192
time,circle,3,120,2,stats,0.237175516
time,circle,4,120,2,stats,0.198923409
time,circle,3,130,2,stats,0.295518729
time,circle,4,130,2,stats,0.258122751
time,circle,3,140,2,stats,0.389963928
time,circle,4,140,2,stats,0.33546028
time,circle,3,150,2,stats,0.473915561
time,circle,4,150,2,stats,0.422792419
time,circle,3,160,2,stats,0.599613977
time,circle,4,160,2,stats,0.575627551
time,circle,3,170,2,stats,0.886166715
time,circle,4,170,2,stats,0.632546619
time,circle,3,180,2,stats,0.944162459
time,circle,4,180,2,stats,0.777547436
time,circle,3,190,2,stats,1.07220594
time,circle,4,190,2,stats,0.976197684
time,circle,3,200,2,stats,1.701534129
time,circle,4,200,2,stats,1.085092414
time,circle,3,210,2,stats,1.799265811
time,circle,4,210,2,stats,1.268851774
time,circle,3,220,2,stats,2.20738604
time,circle,4,220,2,stats,1.460127583
time,circle,3,230,2,stats,2.54574927
time,circle,4,230,2,stats,1.701628297
time,circle,3,240,2,stats,2.547883815
time,circle,4,240,2,stats,1.927866856
time,circle,3,250,2,stats,2.779192196
time,circle,4,250,2,stats,2.164259992
time,circle,3,260,2,stats,3.145665353
time,circle,4,260,2,stats,2.488888786
time,circle,3,270,2,stats,4.148269277
time,circle,4,270,2,stats,2.816235217
time,circle,3,280,2,stats,4.646725817
time,circle,4,280,2,stats,3.140624757
time,circle,3,290,2,stats,7.780094893
time,circle,4,290,2,stats,3.508281838
time,circle,3,300,2,stats,6.037585941
time,circle,4,300,2,stats,4.043912727
time,circle,3,310,2,stats,8.025735184
time,circle,4,310,2,stats,4.475124751
time,circle,3,320,2,stats,10.25649052
time,circle,4,320,2,stats,4.766815846
time,circle,3,330,2,stats,14.59006778
time,circle,4,330,2,stats,5.420558093
time,circle,3,340,2,stats,10.42637797
time,circle,4,340,2,stats,5.787621428
time,circle,3,350,2,stats,10.94109369
time,circle,4,350,2,stats,6.405215714
time,circle,3,360,2,stats,12.9824814
time,circle,4,360,2,stats,6.988852806
time,circle,3,370,2,stats,16.61997282
time,circle,4,370,2,stats,7.468201076
time,circle,3,380,2,stats,18.52176226
time,circle,4,380,2,stats,8.087174599
time,circle,3,390,2,stats,25.822453
time,circle,4,390,2,stats,8.888729384
time,circle,3,400,2,stats,21.58986956
time,circle,4,400,2,stats,9.614943946
time,circle,3,410,2,stats,18.13184361
time,circle,4,410,2,stats,10.36091748
time,circle,3,420,2,stats,23.41318348
time,circle,4,420,2,stats,11.41454769
time,circle,3,430,2,stats,21.08071749
time,circle,4,430,2,stats,12.07224668
time,circle,3,440,2,stats,26.69121753
time,circle,4,440,2,stats,12.72794174
time,circle,3,450,2,stats,35.42649127
time,circle,4,450,2,stats,13.90444521
time,circle,3,460,2,stats,26.66112693
time,circle,4,460,2,stats,15.02017873
time,circle,3,470,2,stats,24.58761398
time,circle,4,470,2,stats,16.31705261
time,circle,3,480,2,stats,43.90450864
time,circle,4,480,2,stats,17.30936386
time,circle,3,490,2,stats,54.00881124
time,circle,4,490,2,stats,18.47729373
time,circle,3,500,2,stats,62.78937978
time,circle,4,500,2,stats,19.81807354
time,circle,4,50,3,stats,0.137347498
time,circle,4,60,3,stats,0.305280324
time,circle,4,70,3,stats,0.664113343
time,circle,4,80,3,stats,1.197272164
time,circle,4,90,3,stats,2.132816803
time,circle,4,100,3,stats,3.019633371
time,circle,4,110,3,stats,4.821101022
time,circle,4,120,3,stats,6.758234233
time,circle,4,130,3,stats,9.699387108
time,circle,4,140,3,stats,13.06648206
time,circle,4,150,3,stats,19.16904081
time,circle,4,160,3,stats,23.07157533
time,circle,4,170,3,stats,30.8839256
time,circle,4,180,3,stats,39.21541318
time,circle,4,190,3,stats,51.33065629
time,circle,4,200,3,stats,60.39199407
time,circle,4,210,3,stats,70.26892085
time,circle,4,220,3,stats,94.12974207
time,circle,4,230,3,stats,108.779346
time,circle,4,240,3,stats,135.7693005
time,circle,4,250,3,stats,166.7991125
time,circle,4,260,3,stats,192.3701661
time,circle,4,270,3,stats,230.8714139
time,circle,4,280,3,stats,286.6408754
time,circle,4,290,3,stats,323.8109064
time,circle,4,300,3,stats,443.8686846
time,annulus,2,50,1,stats,0.001494006
time,annulus,3,50,1,stats,0.001091617
time,annulus,4,50,1,stats,0.001047522
time,annulus,2,60,1,stats,0.001987591
time,annulus,3,60,1,stats,0.001545957
time,annulus,4,60,1,stats,0.001634736
time,annulus,2,70,1,stats,0.0022386
time,annulus,3,70,1,stats,0.002050461
time,annulus,4,70,1,stats,0.002132944
time,annulus,2,80,1,stats,0.00373449
time,annulus,3,80,1,stats,0.002468923
time,annulus,4,80,1,stats,0.002813987
time,annulus,2,90,1,stats,0.004669083
time,annulus,3,90,1,stats,0.003854562
time,annulus,4,90,1,stats,0.003873631
time,annulus,2,100,1,stats,0.005981585
time,annulus,3,100,1,stats,0.004008108
time,annulus,4,100,1,stats,0.006805984
time,annulus,2,110,1,stats,0.007547391
time,annulus,3,110,1,stats,0.005295741
time,annulus,4,110,1,stats,0.005595113
time,annulus,2,120,1,stats,0.008977914
time,annulus,3,120,1,stats,0.00768916
time,annulus,4,120,1,stats,0.007446196
time,annulus,2,130,1,stats,0.01712582
time,annulus,3,130,1,stats,0.00746199
time,annulus,4,130,1,stats,0.007514447
time,annulus,2,140,1,stats,0.013601869
time,annulus,3,140,1,stats,0.007811478
time,annulus,4,140,1,stats,0.011037082
time,annulus,2,150,1,stats,0.02076488
time,annulus,3,150,1,stats,0.008627765
time,annulus,4,150,1,stats,0.010812237
time,annulus,2,160,1,stats,0.020973062
time,annulus,3,160,1,stats,0.010220456
time,annulus,4,160,1,stats,0.014808651
time,annulus,2,170,1,stats,0.025829183
time,annulus,3,170,1,stats,0.015268929
time,annulus,4,170,1,stats,0.011975862
time,annulus,2,180,1,stats,0.030908285
time,annulus,3,180,1,stats,0.014398506
time,annulus,4,180,1,stats,0.015391798
time,annulus,2,190,1,stats,0.033008691
time,annulus,3,190,1,stats,0.017146263
time,annulus,4,190,1,stats,0.017962624
time,annulus,2,200,1,stats,0.036740747
time,annulus,3,200,1,stats,0.017566181
time,annulus,4,200,1,stats,0.017809529
time,annulus,2,210,1,stats,0.052125415
time,annulus,3,210,1,stats,0.018985719
time,annulus,4,210,1,stats,0.026526227
time,annulus,2,220,1,stats,0.055655263
time,annulus,3,220,1,stats,0.018850505
time,annulus,4,220,1,stats,0.021990247
time,annulus,2,230,1,stats,0.048509541
time,annulus,3,230,1,stats,0.022037327
time,annulus,4,230,1,stats,0.030450252
time,annulus,2,240,1,stats,0.058814226
time,annulus,3,240,1,stats,0.023499929
time,annulus,4,240,1,stats,0.027745219
time,annulus,2,250,1,stats,0.067381062
time,annulus,3,250,1,stats,0.024599384
time,annulus,4,250,1,stats,0.029287668
time,annulus,2,260,1,stats,0.085048782
time,annulus,3,260,1,stats,0.027949587
time,annulus,4,260,1,stats,0.02955454
time,annulus,2,270,1,stats,0.119211206
time,annulus,3,270,1,stats,0.030736926
time,annulus,4,270,1,stats,0.040773742
time,annulus,2,280,1,stats,0.109411765
time,annulus,3,280,1,stats,0.034401376
time,annulus,4,280,1,stats,0.040378249
time,annulus,2,290,1,stats,0.11667183
time,annulus,3,290,1,stats,0.034661453
time,annulus,4,290,1,stats,0.056258936
time,annulus,2,300,1,stats,0.111748324
time,annulus,3,300,1,stats,0.038061925
time,annulus,4,300,1,stats,0.062233459
time,annulus,2,310,1,stats,0.172613918
time,annulus,3,310,1,stats,0.047085838
time,annulus,4,310,1,stats,0.055472317
time,annulus,2,320,1,stats,0.135954734
time,annulus,3,320,1,stats,0.047086107
time,annulus,4,320,1,stats,0.049635417
time,annulus,2,330,1,stats,0.162909357
time,annulus,3,330,1,stats,0.049134807
time,annulus,4,330,1,stats,0.0577089
time,annulus,2,340,1,stats,0.186193364
time,annulus,3,340,1,stats,0.05697475
time,annulus,4,340,1,stats,0.065284784
time,annulus,2,350,1,stats,0.17690546
time,annulus,3,350,1,stats,0.051990815
time,annulus,4,350,1,stats,0.064213065
time,annulus,2,360,1,stats,0.286338687
time,annulus,3,360,1,stats,0.055390844
time,annulus,4,360,1,stats,0.067680071
time,annulus,2,370,1,stats,0.212543473
time,annulus,3,370,1,stats,0.059144729
time,annulus,4,370,1,stats,0.097587853
time,annulus,2,380,1,stats,0.223532572
time,annulus,3,380,1,stats,0.067683014
time,annulus,4,380,1,stats,0.085623837
time,annulus,2,390,1,stats,0.282378787
time,annulus,3,390,1,stats,0.069064979
time,annulus,4,390,1,stats,0.078748966
time,annulus,2,400,1,stats,0.330460333
time,annulus,3,400,1,stats,0.077197142
time,annulus,4,400,1,stats,0.104937064
time,annulus,2,410,1,stats,0.300055726
time,annulus,3,410,1,stats,0.075236795
time,annulus,4,410,1,stats,0.105697278
time,annulus,2,420,1,stats,0.303249946
time,annulus,3,420,1,stats,0.079489996
time,annulus,4,420,1,stats,0.115403607
time,annulus,2,430,1,stats,0.478298339
time,annulus,3,430,1,stats,0.090474611
time,annulus,4,430,1,stats,0.097415659
time,annulus,2,440,1,stats,0.50148398
time,annulus,3,440,1,stats,0.098875858
time,annulus,4,440,1,stats,0.124142836
time,annulus,2,450,1,stats,0.481746288
time,annulus,3,450,1,stats,0.097444081
time,annulus,4,450,1,stats,0.138258644
time,annulus,2,460,1,stats,0.546906123
time,annulus,3,460,1,stats,0.099813759
time,annulus,4,460,1,stats,0.151792099
time,annulus,2,470,1,stats,0.564886712
time,annulus,3,470,1,stats,0.103965777
time,annulus,4,470,1,stats,0.115759002
time,annulus,2,480,1,stats,0.487447844
time,annulus,3,480,1,stats,0.108201667
time,annulus,4,480,1,stats,0.149801345
time,annulus,2,490,1,stats,0.618155446
time,annulus,3,490,1,stats,0.119256108
time,annulus,4,490,1,stats,0.128890658
time,annulus,2,500,1,stats,0.552943971
time,annulus,3,500,1,stats,0.127068883
time,annulus,4,500,1,stats,0.155857959
time,annulus,3,50,2,stats,0.011694074
time,annulus,4,50,2,stats,0.012251836
time,annulus,3,60,2,stats,0.022678084
time,annulus,4,60,2,stats,0.022346206
time,annulus,3,70,2,stats,0.038058219
time,annulus,4,70,2,stats,0.034925384
time,annulus,3,80,2,stats,0.051832458
time,annulus,4,80,2,stats,0.050242442
time,annulus,3,90,2,stats,0.079631119
time,annulus,4,90,2,stats,0.07771138
time,annulus,3,100,2,stats,0.117015906
time,annulus,4,100,2,stats,0.106023163
time,annulus,3,110,2,stats,0.162925359
time,annulus,4,110,2,stats,0.148883572
time,annulus,3,120,2,stats,0.205068949
time,annulus,4,120,2,stats,0.197151155
time,annulus,3,130,2,stats,0.275020796
time,annulus,4,130,2,stats,0.258394719
time,annulus,3,140,2,stats,0.378262269
time,annulus,4,140,2,stats,0.325658896
time,annulus,3,150,2,stats,0.509290288
time,annulus,4,150,2,stats,0.427798749
time,annulus,3,160,2,stats,0.579910066
time,annulus,4,160,2,stats,0.533743824
time,annulus,3,170,2,stats,0.706192198
time,annulus,4,170,2,stats,0.645237879
time,annulus,3,180,2,stats,0.804932091
time,annulus,4,180,2,stats,0.784806653
time,annulus,3,190,2,stats,1.131808439
time,annulus,4,190,2,stats,0.914382287
time,annulus,3,200,2,stats,1.283026069
time,annulus,4,200,2,stats,1.075238692
time,annulus,3,210,2,stats,1.395064426
time,annulus,4,210,2,stats,1.297375076
time,annulus,3,220,2,stats,1.531132854
time,annulus,4,220,2,stats,1.470801655
time,annulus,3,230,2,stats,2.038948941
time,annulus,4,230,2,stats,1.681788334
time,annulus,3,240,2,stats,2.545366237
time,annulus,4,240,2,stats,1.915598257
time,annulus,3,250,2,stats,2.909942748
time,annulus,4,250,2,stats,2.208505313
time,annulus,3,260,2,stats,3.337485618
time,annulus,4,260,2,stats,2.526307467
time,annulus,3,270,2,stats,3.039629481
time,annulus,4,270,2,stats,2.817815902
time,annulus,3,280,2,stats,5.619640504
time,annulus,4,280,2,stats,3.118430234
time,annulus,3,290,2,stats,4.603270222
time,annulus,4,290,2,stats,3.472628745
time,annulus,3,300,2,stats,5.172952671
time,annulus,4,300,2,stats,3.888981109
time,annulus,3,310,2,stats,5.950475722
time,annulus,4,310,2,stats,4.276840205
time,annulus,3,320,2,stats,9.193888633
time,annulus,4,320,2,stats,4.752749111
time,annulus,3,330,2,stats,7.093592394
time,annulus,4,330,2,stats,5.477531881
time,annulus,3,340,2,stats,7.72622711
time,annulus,4,340,2,stats,5.785872666
time,annulus,3,350,2,stats,8.349648493
time,annulus,4,350,2,stats,6.314541474
time,annulus,3,360,2,stats,9.166616077
time,annulus,4,360,2,stats,8.260904336
time,annulus,3,370,2,stats,11.97238668
time,annulus,4,370,2,stats,7.222754547
time,annulus,3,380,2,stats,12.18899294
time,annulus,4,380,2,stats,8.424570113
time,annulus,3,390,2,stats,12.01352149
time,annulus,4,390,2,stats,9.03905894
time,annulus,3,400,2,stats,14.497795
time,annulus,4,400,2,stats,9.762127687
time,annulus,3,410,2,stats,18.84565692
time,annulus,4,410,2,stats,10.54124165
time,annulus,3,420,2,stats,17.90110518
time,annulus,4,420,2,stats,11.21700218
time,annulus,3,430,2,stats,20.71053144
time,annulus,4,430,2,stats,11.87685994
time,annulus,3,440,2,stats,19.0460783
time,annulus,4,440,2,stats,12.94252338
time,annulus,3,450,2,stats,24.26063763
time,annulus,4,450,2,stats,13.77572145
time,annulus,3,460,2,stats,20.90307286
time,annulus,4,460,2,stats,15.2824643
time,annulus,3,470,2,stats,31.37384689
time,annulus,4,470,2,stats,16.51189457
time,annulus,3,480,2,stats,28.10230134
time,annulus,4,480,2,stats,20.40418782
time,annulus,3,490,2,stats,33.06908958
time,annulus,4,490,2,stats,18.18571979
time,annulus,3,500,2,stats,26.95249617
time,annulus,4,500,2,stats,21.50788833
time,annulus,4,50,3,stats,0.145590554
time,annulus,4,60,3,stats,0.337440218
time,annulus,4,70,3,stats,0.66925626
time,annulus,4,80,3,stats,1.172960945
time,annulus,4,90,3,stats,1.976587741
time,annulus,4,100,3,stats,3.112057399
time,annulus,4,110,3,stats,4.468944359
time,annulus,4,120,3,stats,7.422691893
time,annulus,4,130,3,stats,9.844317196
time,annulus,4,140,3,stats,13.62160522
time,annulus,4,150,3,stats,18.40355591
time,annulus,4,160,3,stats,22.82981676
time,annulus,4,170,3,stats,27.98205882
time,annulus,4,180,3,stats,38.7516843
time,annulus,4,190,3,stats,49.60400274
time,annulus,4,200,3,stats,60.79093344
time,annulus,4,210,3,stats,67.9116953
time,annulus,4,220,3,stats,90.08228607
time,annulus,4,230,3,stats,117.3858415
time,annulus,4,240,3,stats,125.4249486
time,annulus,4,250,3,stats,177.6782588
time,annulus,4,260,3,stats,190.1881563
time,annulus,4,270,3,stats,213.3016818
time,annulus,4,280,3,stats,276.1083432
time,annulus,4,290,3,stats,300.4632287
time,annulus,4,300,3,stats,358.4476835
time,uniform,2,50,1,stats,0.001164416
time,uniform,3,50,1,stats,0.002691381
time,uniform,4,50,1,stats,0.002156165
time,uniform,5,50,1,stats,0.001770283
time,uniform,2,60,1,stats,0.001333793
time,uniform,3,60,1,stats,0.00220043
time,uniform,4,60,1,stats,0.001840985
time,uniform,5,60,1,stats,0.002357785
time,uniform,2,70,1,stats,0.002661259
time,uniform,3,70,1,stats,0.002718248
time,uniform,4,70,1,stats,0.002716958
time,uniform,5,70,1,stats,0.002164461
time,uniform,2,80,1,stats,0.002148799
time,uniform,3,80,1,stats,0.003501258
time,uniform,4,80,1,stats,0.002269086
time,uniform,5,80,1,stats,0.002400399
time,uniform,2,90,1,stats,0.00323659
time,uniform,3,90,1,stats,0.003190629
time,uniform,4,90,1,stats,0.004514584
time,uniform,5,90,1,stats,0.004139325
time,uniform,2,100,1,stats,0.003491969
time,uniform,3,100,1,stats,0.003466347
time,uniform,4,100,1,stats,0.003432777
time,uniform,5,100,1,stats,0.003675232
time,uniform,2,110,1,stats,0.004017783
time,uniform,3,110,1,stats,0.004534949
time,uniform,4,110,1,stats,0.004768769
time,uniform,5,110,1,stats,0.004391029
time,uniform,2,120,1,stats,0.005048917
time,uniform,3,120,1,stats,0.005591496
time,uniform,4,120,1,stats,0.005575015
time,uniform,5,120,1,stats,0.00549947
time,uniform,2,130,1,stats,0.005835815
time,uniform,3,130,1,stats,0.006365571
time,uniform,4,130,1,stats,0.006559173
time,uniform,5,130,1,stats,0.006991819
time,uniform,2,140,1,stats,0.006663128
time,uniform,3,140,1,stats,0.006960361
time,uniform,4,140,1,stats,0.007837948
time,uniform,5,140,1,stats,0.007769498
time,uniform,2,150,1,stats,0.007874944
time,uniform,3,150,1,stats,0.008434871
time,uniform,4,150,1,stats,0.011865992
time,uniform,5,150,1,stats,0.00989711
time,uniform,2,160,1,stats,0.008523398
time,uniform,3,160,1,stats,0.00958106
time,uniform,4,160,1,stats,0.01080854
time,uniform,5,160,1,stats,0.010871664
time,uniform,2,170,1,stats,0.009784553
time,uniform,3,170,1,stats,0.009968193
time,uniform,4,170,1,stats,0.011031731
time,uniform,5,170,1,stats,0.011916187
time,uniform,2,180,1,stats,0.011226662
time,uniform,3,180,1,stats,0.013075289
time,uniform,4,180,1,stats,0.013329111
time,uniform,5,180,1,stats,0.013149437
time,uniform,2,190,1,stats,0.012312378
time,uniform,3,190,1,stats,0.013369093
time,uniform,4,190,1,stats,0.014373701
time,uniform,5,190,1,stats,0.015535513
time,uniform,2,200,1,stats,0.013960618
time,uniform,3,200,1,stats,0.01531796
time,uniform,4,200,1,stats,0.015288722
time,uniform,5,200,1,stats,0.016993478
time,uniform,2,210,1,stats,0.015346971
time,uniform,3,210,1,stats,0.017630088
time,uniform,4,210,1,stats,0.018314818
time,uniform,5,210,1,stats,0.01998627
time,uniform,2,220,1,stats,0.017503458
time,uniform,3,220,1,stats,0.017934982
time,uniform,4,220,1,stats,0.018768298
time,uniform,5,220,1,stats,0.01915128
time,uniform,2,230,1,stats,0.018566812
time,uniform,3,230,1,stats,0.021441326
time,uniform,4,230,1,stats,0.022927284
time,uniform,5,230,1,stats,0.022071867
time,uniform,2,240,1,stats,0.02117084
time,uniform,3,240,1,stats,0.021084342
time,uniform,4,240,1,stats,0.026681248
time,uniform,5,240,1,stats,0.024801385
time,uniform,2,250,1,stats,0.023570755
time,uniform,3,250,1,stats,0.024575092
time,uniform,4,250,1,stats,0.025959167
time,uniform,5,250,1,stats,0.02722397
time,uniform,2,260,1,stats,0.025325324
time,uniform,3,260,1,stats,0.030571386
time,uniform,4,260,1,stats,0.030733644
time,uniform,5,260,1,stats,0.037976409
time,uniform,2,270,1,stats,0.027218336
time,uniform,3,270,1,stats,0.030338773
time,uniform,4,270,1,stats,0.033234384
time,uniform,5,270,1,stats,0.037075745
time,uniform,2,280,1,stats,0.030669939
time,uniform,3,280,1,stats,0.031147033
time,uniform,4,280,1,stats,0.033759941
time,uniform,5,280,1,stats,0.034378573
time,uniform,2,290,1,stats,0.033242452
time,uniform,3,290,1,stats,0.036413685
time,uniform,4,290,1,stats,0.03605577
time,uniform,5,290,1,stats,0.048690029
time,uniform,2,300,1,stats,0.034964704
time,uniform,3,300,1,stats,0.035310927
time,uniform,4,300,1,stats,0.038222299
time,uniform,5,300,1,stats,0.039211408
time,uniform,2,310,1,stats,0.041411529
time,uniform,3,310,1,stats,0.04419988
time,uniform,4,310,1,stats,0.045713415
time,uniform,5,310,1,stats,0.058457537
time,uniform,2,320,1,stats,0.043065552
time,uniform,3,320,1,stats,0.043217129
time,uniform,4,320,1,stats,0.048424813
time,uniform,5,320,1,stats,0.057630336
time,uniform,2,330,1,stats,0.044348249
time,uniform,3,330,1,stats,0.049785305
time,uniform,4,330,1,stats,0.054404888
time,uniform,5,330,1,stats,0.059962173
time,uniform,2,340,1,stats,0.048805112
time,uniform,3,340,1,stats,0.056896139
time,uniform,4,340,1,stats,0.057116734
time,uniform,5,340,1,stats,0.0557556
time,uniform,2,350,1,stats,0.048028757
time,uniform,3,350,1,stats,0.057634208
time,uniform,4,350,1,stats,0.063558469
time,uniform,5,350,1,stats,0.0653574
time,uniform,2,360,1,stats,0.055686957
time,uniform,3,360,1,stats,0.059224557
time,uniform,4,360,1,stats,0.06272211
time,uniform,5,360,1,stats,0.064901017
time,uniform,2,370,1,stats,0.056990558
time,uniform,3,370,1,stats,0.066067905
time,uniform,4,370,1,stats,0.065831768
time,uniform,5,370,1,stats,0.068263945
time,uniform,2,380,1,stats,0.057113249
time,uniform,3,380,1,stats,0.0762127
time,uniform,4,380,1,stats,0.075796268
time,uniform,5,380,1,stats,0.098644085
time,uniform,2,390,1,stats,0.070023987
time,uniform,3,390,1,stats,0.069587241
time,uniform,4,390,1,stats,0.078431601
time,uniform,5,390,1,stats,0.076077532
time,uniform,2,400,1,stats,0.065114995
time,uniform,3,400,1,stats,0.079151127
time,uniform,4,400,1,stats,0.079433945
time,uniform,5,400,1,stats,0.094747309
time,uniform,2,410,1,stats,0.076049401
time,uniform,3,410,1,stats,0.074590599
time,uniform,4,410,1,stats,0.092087052
time,uniform,5,410,1,stats,0.095069379
time,uniform,2,420,1,stats,0.073901636
time,uniform,3,420,1,stats,0.080656745
time,uniform,4,420,1,stats,0.087075495
time,uniform,5,420,1,stats,0.102333838
time,uniform,2,430,1,stats,0.077132879
time,uniform,3,430,1,stats,0.085230407
time,uniform,4,430,1,stats,0.091483348
time,uniform,5,430,1,stats,0.105544449
time,uniform,2,440,1,stats,0.08218051
time,uniform,3,440,1,stats,0.094612713
time,uniform,4,440,1,stats,0.102890186
time,uniform,5,440,1,stats,0.100296315
time,uniform,2,450,1,stats,0.091901685
time,uniform,3,450,1,stats,0.096474437
time,uniform,4,450,1,stats,0.110198619
time,uniform,5,450,1,stats,0.113868717
time,uniform,2,460,1,stats,0.090632746
time,uniform,3,460,1,stats,0.100023423
time,uniform,4,460,1,stats,0.119639445
time,uniform,5,460,1,stats,0.11629893
time,uniform,2,470,1,stats,0.098363083
time,uniform,3,470,1,stats,0.112043352
time,uniform,4,470,1,stats,0.118278884
time,uniform,5,470,1,stats,0.130457727
time,uniform,2,480,1,stats,0.105374988
time,uniform,3,480,1,stats,0.110011333
time,uniform,4,480,1,stats,0.1228711
time,uniform,5,480,1,stats,0.127623254
time,uniform,2,490,1,stats,0.104542957
time,uniform,3,490,1,stats,0.113589677
time,uniform,4,490,1,stats,0.144386824
time,uniform,5,490,1,stats,0.130725495
time,uniform,2,500,1,stats,0.112524881
time,uniform,3,500,1,stats,0.138625704
time,uniform,4,500,1,stats,0.126748278
time,uniform,5,500,1,stats,0.148778746
time,uniform,3,50,2,stats,0.011140006
time,uniform,4,50,2,stats,0.01134038
time,uniform,5,50,2,stats,0.010733896
time,uniform,3,60,2,stats,0.019008089
time,uniform,4,60,2,stats,0.018790702
time,uniform,5,60,2,stats,0.02011954
time,uniform,3,70,2,stats,0.031077706
time,uniform,4,70,2,stats,0.032195027
time,uniform,5,70,2,stats,0.031974043
time,uniform,3,80,2,stats,0.049743531
time,uniform,4,80,2,stats,0.052042808
time,uniform,5,80,2,stats,0.05824773
time,uniform,3,90,2,stats,0.070277454
time,uniform,4,90,2,stats,0.075909474
time,uniform,5,90,2,stats,0.078424065
time,uniform,3,100,2,stats,0.095127166
time,uniform,4,100,2,stats,0.098119924
time,uniform,5,100,2,stats,0.105445345
time,uniform,3,110,2,stats,0.142341976
time,uniform,4,110,2,stats,0.143474133
time,uniform,5,110,2,stats,0.138301137
time,uniform,3,120,2,stats,0.19665184
time,uniform,4,120,2,stats,0.19753948
time,uniform,5,120,2,stats,0.18610159
time,uniform,3,130,2,stats,0.240450083
time,uniform,4,130,2,stats,0.229381314
time,uniform,5,130,2,stats,0.24646693
time,uniform,3,140,2,stats,0.316355437
time,uniform,4,140,2,stats,0.326738119
time,uniform,5,140,2,stats,0.320592948
time,uniform,3,150,2,stats,0.421342996
time,uniform,4,150,2,stats,0.39457135
time,uniform,5,150,2,stats,0.375668486
time,uniform,3,160,2,stats,0.466410442
time,uniform,4,160,2,stats,0.469692774
time,uniform,5,160,2,stats,0.522440779
time,uniform,3,170,2,stats,0.582113443
time,uniform,4,170,2,stats,0.625544045
time,uniform,5,170,2,stats,0.613441208
time,uniform,3,180,2,stats,0.747772725
time,uniform,4,180,2,stats,0.778869978
time,uniform,5,180,2,stats,0.68010297
time,uniform,3,190,2,stats,0.845694906
time,uniform,4,190,2,stats,0.7547657
time,uniform,5,190,2,stats,0.890227911
time,uniform,3,200,2,stats,1.049460031
time,uniform,4,200,2,stats,1.084415743
time,uniform,5,200,2,stats,0.943508565
time,uniform,3,210,2,stats,1.22541542
time,uniform,4,210,2,stats,1.288348623
time,uniform,5,210,2,stats,1.23474301
time,uniform,3,220,2,stats,1.461902432
time,uniform,4,220,2,stats,1.335872151
time,uniform,5,220,2,stats,1.415229919
time,uniform,3,230,2,stats,1.670868961
time,uniform,4,230,2,stats,1.632650295
time,uniform,5,230,2,stats,1.584673799
time,uniform,3,240,2,stats,1.895061188
time,uniform,4,240,2,stats,1.898664345
time,uniform,5,240,2,stats,1.967025546
time,uniform,3,250,2,stats,2.154072184
time,uniform,4,250,2,stats,2.017124988
time,uniform,5,250,2,stats,1.933542329
time,uniform,3,260,2,stats,2.519116048
time,uniform,4,260,2,stats,2.558059008
time,uniform,5,260,2,stats,2.474489814
time,uniform,3,270,2,stats,2.719044615
time,uniform,4,270,2,stats,2.395041559
time,uniform,5,270,2,stats,2.447798226
time,uniform,3,280,2,stats,2.716588167
time,uniform,4,280,2,stats,2.825201021
time,uniform,5,280,2,stats,3.161159716
time,uniform,3,290,2,stats,3.028103101
time,uniform,4,290,2,stats,3.331448474
time,uniform,5,290,2,stats,3.479153157
time,uniform,3,300,2,stats,4.010369958
time,uniform,4,300,2,stats,3.474965752
time,uniform,5,300,2,stats,3.882057604
time,uniform,3,310,2,stats,4.419641839
time,uniform,4,310,2,stats,3.97869355
time,uniform,5,310,2,stats,4.354720551
time,uniform,3,320,2,stats,4.172503652
time,uniform,4,320,2,stats,4.81656805
time,uniform,5,320,2,stats,5.125067839
time,uniform,3,330,2,stats,5.071254429
time,uniform,4,330,2,stats,5.085409844
time,uniform,5,330,2,stats,5.122343028
time,uniform,3,340,2,stats,5.762996825
time,uniform,4,340,2,stats,5.715048888
time,uniform,5,340,2,stats,5.797384315
time,uniform,3,350,2,stats,6.137116994
time,uniform,4,350,2,stats,6.116236627
time,uniform,5,350,2,stats,5.488169571
time,uniform,3,360,2,stats,6.277438818
time,uniform,4,360,2,stats,6.230223085
time,uniform,5,360,2,stats,6.68240374
time,uniform,3,370,2,stats,7.583652339
time,uniform,4,370,2,stats,7.141726596
time,uniform,5,370,2,stats,7.32587259
time,uniform,3,380,2,stats,8.154170039
time,uniform,4,380,2,stats,7.977444879
time,uniform,5,380,2,stats,8.297681096
time,uniform,3,390,2,stats,8.811278755
time,uniform,4,390,2,stats,7.246708581
time,uniform,5,390,2,stats,8.472376725
time,uniform,3,400,2,stats,9.736950024
time,uniform,4,400,2,stats,9.08388686
time,uniform,5,400,2,stats,10.10962993
time,uniform,3,410,2,stats,10.40651349
time,uniform,4,410,2,stats,9.601484517
time,uniform,5,410,2,stats,10.6297325
time,uniform,3,420,2,stats,11.41114455
time,uniform,4,420,2,stats,10.26783427
time,uniform,5,420,2,stats,11.38166212
time,uniform,3,430,2,stats,11.07091679
time,uniform,4,430,2,stats,12.74773616
time,uniform,5,430,2,stats,11.75569567
time,uniform,3,440,2,stats,10.78471499
time,uniform,4,440,2,stats,13.51794239
time,uniform,5,440,2,stats,12.49475416
time,uniform,3,450,2,stats,13.00437623
time,uniform,4,450,2,stats,12.84271579
time,uniform,5,450,2,stats,12.72984602
time,uniform,3,460,2,stats,14.8377182
time,uniform,4,460,2,stats,15.4819322
time,uniform,5,460,2,stats,15.15280827
time,uniform,3,470,2,stats,14.96967472
time,uniform,4,470,2,stats,15.99234474
time,uniform,5,470,2,stats,16.56042663
time,uniform,3,480,2,stats,17.55157617
time,uniform,4,480,2,stats,17.44879447
time,uniform,5,480,2,stats,16.47507555
time,uniform,3,490,2,stats,17.75879934
time,uniform,4,490,2,stats,18.57348822
time,uniform,5,490,2,stats,17.02696222
time,uniform,3,500,2,stats,19.50700936
time,uniform,4,500,2,stats,20.30605076
time,uniform,5,500,2,stats,17.36713645
time,uniform,4,50,3,stats,0.141306719
time,uniform,5,50,3,stats,0.144354213
time,uniform,4,60,3,stats,0.299785995
time,uniform,5,60,3,stats,0.301264272
time,uniform,4,70,3,stats,0.568836619
time,uniform,5,70,3,stats,0.686118644
time,uniform,4,80,3,stats,1.133842922
time,uniform,5,80,3,stats,1.11021069
time,uniform,4,90,3,stats,1.983304775
time,uniform,5,90,3,stats,1.990298712
time,uniform,4,100,3,stats,3.137245708
time,uniform,5,100,3,stats,3.05601334
time,uniform,4,110,3,stats,4.773025204
time,uniform,5,110,3,stats,4.674250305
time,uniform,4,120,3,stats,6.695841177
time,uniform,5,120,3,stats,7.106819246
time,uniform,4,130,3,stats,8.167753134
time,uniform,5,130,3,stats,9.182710119
time,uniform,4,140,3,stats,12.83159819
time,uniform,5,140,3,stats,12.99681293
time,uniform,4,150,3,stats,16.9364533
time,uniform,5,150,3,stats,18.37767827
time,uniform,4,160,3,stats,23.34596314
time,uniform,5,160,3,stats,22.89405406
time,uniform,4,170,3,stats,24.19630131
time,uniform,5,170,3,stats,30.09216157
time,uniform,4,180,3,stats,40.15698014
time,uniform,5,180,3,stats,34.61003362
time,uniform,4,190,3,stats,46.05522164
time,uniform,5,190,3,stats,46.65436695
time,uniform,4,200,3,stats,53.86074283
time,uniform,5,200,3,stats,52.8097781
time,uniform,4,210,3,stats,69.67414144
time,uniform,5,210,3,stats,71.47217002
time,uniform,4,220,3,stats,83.63044999
time,uniform,5,220,3,stats,92.29729456
time,uniform,4,230,3,stats,106.0967114
time,uniform,5,230,3,stats,109.6737512
time,uniform,4,240,3,stats,122.5369819
time,uniform,5,240,3,stats,128.9025844
time,uniform,4,250,3,stats,152.4766161
time,uniform,5,250,3,stats,158.1241677
time,uniform,4,260,3,stats,168.9608097
time,uniform,5,260,3,stats,158.3387873
time,uniform,4,270,3,stats,187.9362551
time,uniform,5,270,3,stats,207.4935706
time,uniform,4,280,3,stats,221.7100021
time,uniform,5,280,3,stats,246.2908212
time,uniform,4,290,3,stats,313.4961857
time,uniform,5,290,3,stats,281.0049709
time,uniform,4,300,3,stats,369.6140942
time,uniform,5,300,3,stats,372.6564249
time,uniform,5,50,4,stats,1.483539059
time,uniform,5,60,4,stats,4.245940576
time,uniform,5,70,4,stats,10.03172631
time,uniform,5,80,4,stats,16.20529083
time,uniform,5,90,4,stats,34.39794428
time,uniform,5,100,4,stats,64.2628041
time,torus,3,50,1,stats,0.001167194
time,torus,3,60,1,stats,0.001646913
time,torus,3,70,1,stats,0.001871293
time,torus,3,80,1,stats,0.004031738
time,torus,3,90,1,stats,0.003048304
time,torus,3,100,1,stats,0.004284406
time,torus,3,110,1,stats,0.004797438
time,torus,3,120,1,stats,0.007808544
time,torus,3,130,1,stats,0.007956271
time,torus,3,140,1,stats,0.007956982
time,torus,3,150,1,stats,0.011902996
time,torus,3,160,1,stats,0.010074142
time,torus,3,170,1,stats,0.011624402
time,torus,3,180,1,stats,0.012762026
time,torus,3,190,1,stats,0.015066073
time,torus,3,200,1,stats,0.018376246
time,torus,3,210,1,stats,0.019259994
time,torus,3,220,1,stats,0.019956524
time,torus,3,230,1,stats,0.02526092
time,torus,3,240,1,stats,0.024370914
time,torus,3,250,1,stats,0.027978646
time,torus,3,260,1,stats,0.033778344
time,torus,3,270,1,stats,0.03682203
time,torus,3,280,1,stats,0.035794831
time,torus,3,290,1,stats,0.041321904
time,torus,3,300,1,stats,0.052247964
time,torus,3,310,1,stats,0.046867784
time,torus,3,320,1,stats,0.046528418
time,torus,3,330,1,stats,0.05028055
time,torus,3,340,1,stats,0.062016044
time,torus,3,350,1,stats,0.062896573
time,torus,3,360,1,stats,0.06569868
time,torus,3,370,1,stats,0.073271589
time,torus,3,380,1,stats,0.074277501
time,torus,3,390,1,stats,0.078777736
time,torus,3,400,1,stats,0.078821184
time,torus,3,410,1,stats,0.082950575
time,torus,3,420,1,stats,0.08817484
time,torus,3,430,1,stats,0.094961827
time,torus,3,440,1,stats,0.089489469
time,torus,3,450,1,stats,0.108508492
time,torus,3,460,1,stats,0.102301792
time,torus,3,470,1,stats,0.119370099
time,torus,3,480,1,stats,0.129423398
time,torus,3,490,1,stats,0.12260444
time,torus,3,500,1,stats,0.136969752
time,torus,3,50,2,stats,0.012370833
time,torus,3,60,2,stats,0.022099478
time,torus,3,70,2,stats,0.03471643
time,torus,3,80,2,stats,0.05320221
time,torus,3,90,2,stats,0.078285577
time,torus,3,100,2,stats,0.113369052
time,torus,3,110,2,stats,0.154558166
time,torus,3,120,2,stats,0.198312982
time,torus,3,130,2,stats,0.267581912
time,torus,3,140,2,stats,0.345056366
time,torus,3,150,2,stats,0.419451833
time,torus,3,160,2,stats,0.532049992
time,torus,3,170,2,stats,0.659179456
time,torus,3,180,2,stats,0.824749071
time,torus,3,190,2,stats,0.894768643
time,torus,3,200,2,stats,1.068630044
time,torus,3,210,2,stats,1.359797104
time,torus,3,220,2,stats,1.487345357
time,torus,3,230,2,stats,1.793294385
time,torus,3,240,2,stats,2.048267016
time,torus,3,250,2,stats,2.320172144
time,torus,3,260,2,stats,2.698491008
time,torus,3,270,2,stats,2.713719529
time,torus,3,280,2,stats,3.451097355
time,torus,3,290,2,stats,3.434515964
time,torus,3,300,2,stats,3.751433164
time,torus,3,310,2,stats,4.684064291
time,torus,3,320,2,stats,4.929098671
time,torus,3,330,2,stats,5.707910216
time,torus,3,340,2,stats,6.151623109
time,torus,3,350,2,stats,6.548803281
time,torus,3,360,2,stats,6.890113369
time,torus,3,370,2,stats,8.17562725
time,torus,3,380,2,stats,9.084773563
time,torus,3,390,2,stats,9.707286516
time,torus,3,400,2,stats,10.01015859
time,torus,3,410,2,stats,10.26444688
time,torus,3,420,2,stats,10.84741327
time,torus,3,430,2,stats,13.32038351
time,torus,3,440,2,stats,13.10216612
time,torus,3,450,2,stats,15.08014478
time,torus,3,460,2,stats,16.05374157
time,torus,3,470,2,stats,18.31250321
time,torus,3,480,2,stats,19.37384782
time,torus,3,490,2,stats,20.30500487
time,torus,3,500,2,stats,21.25060765
time,torus,3,50,1,Dionysus,0.21923962
time,torus,3,75,1,Dionysus,0.845685173
time,torus,3,100,1,Dionysus,3.913907204
time,torus,3,125,1,Dionysus,8.767125588
time,torus,3,150,1,Dionysus,21.95927708
time,torus,3,175,1,Dionysus,23.79201657
time,torus,3,200,1,Dionysus,43.25616912
time,torus,3,225,1,Dionysus,81.57599907
time,torus,3,250,1,Dionysus,188.9736688
time,torus,3,275,1,Dionysus,251.304465
time,torus,3,300,1,Dionysus,227.8266563
time,torus,3,325,1,Dionysus,326.3547508
time,torus,3,350,1,Dionysus,510.9770741
time,torus,3,375,1,Dionysus,409.4733072
time,torus,3,400,1,Dionysus,797.8590351
time,torus,3,425,1,Dionysus,1164.411013
time,torus,3,450,1,Dionysus,1902.543092
time,torus,3,475,1,Dionysus,2046.273331
time,torus,3,500,1,Dionysus,1963.306515
time,torus,3,50,2,Dionysus,1.803881132
time,torus,3,75,2,Dionysus,10.31377011
time,torus,3,100,2,Dionysus,75.13715271
time,torus,3,125,2,Dionysus,148.5750721
time,torus,3,150,2,Dionysus,660.7815539
time,torus,3,175,2,Dionysus,1043.024173
time,torus,3,200,2,Dionysus,1187.594144
time,circle,3,75,1,stats,0.002197076
time,circle,4,75,1,stats,0.002331506
time,circle,2,125,1,stats,0.014301028
time,circle,3,125,1,stats,0.005790686
time,circle,4,125,1,stats,0.006437427
time,circle,2,175,1,stats,0.031696109
time,circle,3,175,1,stats,0.011914912
time,circle,4,175,1,stats,0.014984681
time,circle,2,225,1,stats,0.085715945
time,circle,3,225,1,stats,0.021595038
time,circle,4,225,1,stats,0.023856367
time,circle,2,275,1,stats,0.094959613
time,circle,3,275,1,stats,0.034016363
time,circle,4,275,1,stats,0.036037755
time,circle,2,325,1,stats,0.201110773
time,circle,3,325,1,stats,0.050346388
time,circle,4,325,1,stats,0.05477227
time,circle,2,375,1,stats,0.359525166
time,circle,3,375,1,stats,0.067415709
time,circle,4,375,1,stats,0.081849684
time,circle,2,425,1,stats,0.695897208
time,circle,3,425,1,stats,0.082601431
time,circle,4,425,1,stats,0.10630208
time,circle,2,475,1,stats,0.884558226
time,circle,3,475,1,stats,0.113449844
time,circle,4,475,1,stats,0.149109408
time,circle,3,75,2,stats,0.048492719
time,circle,4,75,2,stats,0.044179197
time,circle,3,125,2,stats,0.273934078
time,circle,4,125,2,stats,0.24084202
time,circle,3,175,2,stats,0.993821464
time,circle,4,175,2,stats,0.704304439
time,circle,3,225,2,stats,2.454970725
time,circle,4,225,2,stats,1.6491639
time,circle,2,50,1,stats,0.003710955
time,circle,3,50,1,stats,0.003529069
time,circle,4,50,1,stats,0.003864579
time,circle,2,75,1,stats,0.009432585
time,circle,3,75,1,stats,0.008276505
time,circle,4,75,1,stats,0.008960819
time,circle,2,100,1,stats,0.019825752
time,circle,3,100,1,stats,0.015297993
time,circle,4,100,1,stats,0.015152308
time,circle,2,125,1,stats,0.031994707
time,circle,3,125,1,stats,0.022776332
time,circle,4,125,1,stats,0.024030711
time,circle,2,150,1,stats,0.05206845
time,circle,3,150,1,stats,0.032022035
time,circle,4,150,1,stats,0.034970993
time,circle,2,175,1,stats,0.095233688
time,circle,3,175,1,stats,0.046526013
time,circle,4,175,1,stats,0.046095406
time,circle,2,200,1,stats,0.11458397
time,circle,3,200,1,stats,0.057537928
time,circle,4,200,1,stats,0.079667619
time,circle,2,225,1,stats,0.161757233
time,circle,3,225,1,stats,0.074685273
time,circle,4,225,1,stats,0.10889142
time,circle,2,250,1,stats,0.231207537
time,circle,3,250,1,stats,0.092220438
time,circle,4,250,1,stats,0.103581516
time,circle,2,275,1,stats,0.428939126
time,circle,3,275,1,stats,0.113288147
time,circle,4,275,1,stats,0.140792922
time,circle,2,300,1,stats,0.395202797
time,circle,3,300,1,stats,0.144781594
time,circle,4,300,1,stats,0.148890742
time,circle,2,325,1,stats,0.631487418
time,circle,3,325,1,stats,0.158991382
time,circle,4,325,1,stats,0.225775976
time,circle,2,350,1,stats,0.618560441
time,circle,3,350,1,stats,0.184126446
time,circle,4,350,1,stats,0.230761245
time,circle,2,375,1,stats,0.757041595
time,circle,3,375,1,stats,0.217358476
time,circle,4,375,1,stats,0.240601806
time,circle,2,400,1,stats,0.804001066
time,circle,3,400,1,stats,0.279026635
time,circle,4,400,1,stats,0.310788826
time,circle,2,425,1,stats,1.339231945
time,circle,3,425,1,stats,0.276823978
time,circle,4,425,1,stats,0.385579741
time,circle,2,450,1,stats,1.518700455
time,circle,3,450,1,stats,0.331280655
time,circle,4,450,1,stats,0.337649916
time,circle,2,475,1,stats,1.683235828
time,circle,3,475,1,stats,0.35259297
time,circle,3,325,2,stats,21.46758014
time,circle,4,325,2,stats,10.22766216
time,circle,3,375,2,stats,27.24573516
time,circle,4,375,2,stats,15.71725985
time,circle,3,425,2,stats,54.6673076
time,circle,4,425,2,stats,23.71678292
time,circle,3,475,2,stats,75.62289106
time,circle,4,475,2,stats,33.25972122
time,circle,4,75,3,stats,1.861764803
time,circle,4,125,3,stats,16.54363753
time,circle,4,175,3,stats,71.64879173
time,circle,4,225,3,stats,203.0242783
time,circle,4,275,3,stats,508.8336759
time,circle,2,50,1,Dionysus,0.344458609
time,circle,3,50,1,Dionysus,0.519538083
time,circle,4,50,1,Dionysus,0.614103885
time,circle,2,75,1,Dionysus,1.717962121
time,circle,3,75,1,Dionysus,2.146726358
time,circle,4,75,1,Dionysus,2.736221153
time,circle,2,100,1,Dionysus,6.252913643
time,circle,3,100,1,Dionysus,10.38224962
time,circle,4,100,1,Dionysus,8.148146588
time,circle,2,125,1,Dionysus,9.745033336
time,circle,3,125,1,Dionysus,16.34517317
time,circle,4,125,1,Dionysus,21.27784253
time,circle,2,150,1,Dionysus,26.70868162
time,circle,3,150,1,Dionysus,49.67417228
time,circle,4,150,1,Dionysus,40.94059934
time,circle,2,175,1,Dionysus,44.16978908
time,circle,3,175,1,Dionysus,70.9432525
time,circle,4,175,1,Dionysus,77.00975403
time,circle,2,200,1,Dionysus,71.74746971
time,circle,3,200,1,Dionysus,149.6250335
time,circle,4,200,1,Dionysus,132.1084515
time,circle,2,225,1,Dionysus,121.177747
time,circle,3,225,1,Dionysus,215.1803056
time,circle,4,225,1,Dionysus,167.3562279
time,circle,2,250,1,Dionysus,160.8631515
time,circle,3,250,1,Dionysus,408.7837759
time,circle,4,250,1,Dionysus,255.965918
time,circle,2,275,1,Dionysus,237.8165456
time,circle,3,275,1,Dionysus,599.2793484
time,circle,4,275,1,Dionysus,431.0667811
time,circle,2,300,1,Dionysus,275.8083017
time,circle,3,300,1,Dionysus,753.658147
time,circle,4,300,1,Dionysus,785.4585246
time,circle,2,325,1,Dionysus,440.9029442
time,circle,3,325,1,Dionysus,762.2416245
time,circle,4,325,1,Dionysus,954.6501892
time,circle,2,350,1,Dionysus,642.4830842
time,circle,3,350,1,Dionysus,1396.716225
time,circle,4,350,1,Dionysus,1133.153579
time,circle,2,375,1,Dionysus,845.4799831
time,circle,4,275,2,stats,2.96126802
time,circle,4,375,1,Dionysus,812.6723592
time,circle,2,400,1,Dionysus,502.1571632
time,circle,3,400,1,Dionysus,846.8634805
time,circle,4,400,1,Dionysus,1197.854014
time,circle,2,425,1,Dionysus,548.760475
time,circle,3,425,1,Dionysus,1216.044192
time,circle,4,425,1,Dionysus,1351.576006
time,circle,3,375,1,Dionysus,832.9892828
time,circle,2,450,1,Dionysus,723.4374315
time,circle,3,450,1,Dionysus,1405.174895
time,circle,2,475,1,Dionysus,1049.185299
time,circle,3,475,1,Dionysus,2132.135014
time,circle,4,475,1,Dionysus,1428.0784
time,circle,2,500,1,Dionysus,1041.140437
time,circle,3,500,1,Dionysus,2378.681899
time,circle,4,500,1,Dionysus,1961.585529
time,circle,3,50,2,Dionysus,2.707492259
time,circle,4,50,2,Dionysus,3.709890808
time,circle,3,75,2,Dionysus,26.21182286
time,circle,4,75,2,Dionysus,21.34702665
time,circle,3,100,2,Dionysus,79.05482407
time,circle,4,100,2,Dionysus,158.3628247
time,circle,3,125,2,Dionysus,282.6433013
time,circle,4,125,2,Dionysus,350.9395109
time,circle,3,150,2,Dionysus,575.8939541
time,circle,4,150,2,Dionysus,997.2070792
time,circle,3,175,2,Dionysus,1235.282479
time,circle,4,175,2,Dionysus,2582.528914
time,circle,4,450,1,Dionysus,1676.352833
time,circle,3,200,2,Dionysus,2028.058143
time,circle,4,200,2,Dionysus,3946.863232
time,circle,4,50,3,Dionysus,31.81067034
time,circle,4,75,3,Dionysus,557.306224
time,circle,4,100,3,Dionysus,2106.365679
time,circle,2,50,1,GUDHI,0.008910967
time,circle,3,50,1,GUDHI,0.007218982
time,circle,4,50,1,GUDHI,0.006728332
time,circle,2,75,1,GUDHI,0.020803757
time,circle,3,75,1,GUDHI,0.021337938
time,circle,4,75,1,GUDHI,0.020206092
time,circle,2,100,1,GUDHI,0.053312503
time,circle,3,100,1,GUDHI,0.052961776
time,circle,4,100,1,GUDHI,0.049312688
time,circle,2,125,1,GUDHI,0.120020204
time,circle,3,125,1,GUDHI,0.111880405
time,circle,4,125,1,GUDHI,0.11000586
time,circle,2,150,1,GUDHI,0.205339976
time,circle,3,150,1,GUDHI,0.201572015
time,circle,4,150,1,GUDHI,0.205347042
time,circle,2,175,1,GUDHI,0.338766544
time,circle,3,175,1,GUDHI,0.331584595
time,circle,4,175,1,GUDHI,0.340115192
time,circle,2,200,1,GUDHI,0.546919667
time,circle,3,200,1,GUDHI,0.573248536
time,circle,4,200,1,GUDHI,0.525852961
time,circle,2,225,1,GUDHI,0.809769847
time,circle,3,225,1,GUDHI,0.805326006
time,circle,4,225,1,GUDHI,0.795832298
time,circle,2,250,1,GUDHI,1.194763786
time,circle,3,250,1,GUDHI,1.116080026
time,circle,4,250,1,GUDHI,1.142845603
time,circle,2,275,1,GUDHI,1.643747062
time,circle,3,275,1,GUDHI,1.597761895
time,circle,4,275,1,GUDHI,1.628575484
time,circle,2,300,1,GUDHI,2.235673498
time,circle,3,300,1,GUDHI,2.260264798
time,circle,4,300,1,GUDHI,2.245863302
time,circle,2,325,1,GUDHI,3.156315546
time,circle,3,325,1,GUDHI,3.056644859
time,circle,4,325,1,GUDHI,3.086386037
time,circle,2,350,1,GUDHI,4.040641832
time,circle,3,350,1,GUDHI,4.06401291
time,circle,4,350,1,GUDHI,4.021730696
time,circle,2,375,1,GUDHI,5.191100664
time,circle,3,375,1,GUDHI,5.063681929
time,circle,4,375,1,GUDHI,5.095352256
time,circle,2,400,1,GUDHI,6.392581199
time,circle,3,400,1,GUDHI,6.444850415
time,circle,4,400,1,GUDHI,6.247742875
time,circle,2,425,1,GUDHI,8.006740875
time,circle,3,425,1,GUDHI,7.971920523
time,circle,4,425,1,GUDHI,7.770806248
time,circle,2,450,1,GUDHI,9.938128349
time,circle,3,450,1,GUDHI,9.58439023
time,circle,4,450,1,GUDHI,9.628083105
time,circle,2,475,1,GUDHI,11.94650822
time,circle,3,475,1,GUDHI,11.96200968
time,circle,4,475,1,GUDHI,11.9191038
time,circle,2,500,1,GUDHI,14.3628466
time,circle,3,500,1,GUDHI,14.01982555
time,circle,4,500,1,GUDHI,14.08553923
time,circle,3,50,2,GUDHI,0.119633054
time,circle,4,50,2,GUDHI,0.113144148
time,circle,3,75,2,GUDHI,0.779372445
time,circle,4,75,2,GUDHI,0.792589097
time,circle,3,100,2,GUDHI,2.860071217
time,circle,4,100,2,GUDHI,2.731962252
time,circle,3,125,2,GUDHI,7.706060889
time,circle,4,125,2,GUDHI,7.472550231
time,circle,3,150,2,GUDHI,18.15165246
time,circle,4,150,2,GUDHI,18.07486361
time,circle,3,175,2,GUDHI,36.31094716
time,circle,4,175,2,GUDHI,35.76801363
time,circle,3,200,2,GUDHI,65.8920555
time,circle,4,200,2,GUDHI,66.30576338
time,circle,3,225,2,GUDHI,112.9645324
time,circle,4,225,2,GUDHI,112.8660788
time,circle,3,250,2,GUDHI,178.6519474
time,circle,4,250,2,GUDHI,178.506783
time,circle,3,275,2,GUDHI,280.6899006
time,circle,4,275,2,GUDHI,284.072887
time,circle,3,300,2,GUDHI,1007.099722
time,circle,4,300,2,GUDHI,990.3610023
time,circle,4,75,3,GUDHI,18.89454301
time,circle,4,100,3,GUDHI,100.5912706
time,circle,4,125,3,GUDHI,387.706909
time,circle,4,50,3,GUDHI,2.003957899
time,circle,3,50,1,GUDHIalpha,0.117093848
time,circle,2,75,1,GUDHIalpha,0.019339862
time,circle,3,75,1,GUDHIalpha,0.208499843
time,circle,2,100,1,GUDHIalpha,0.022813637
time,circle,3,100,1,GUDHIalpha,0.252945608
time,circle,2,125,1,GUDHIalpha,0.02716986
time,circle,3,125,1,GUDHIalpha,0.311922232
time,circle,2,150,1,GUDHIalpha,0.035198208
time,circle,3,150,1,GUDHIalpha,0.381583924
time,circle,2,175,1,GUDHIalpha,0.034206551
time,circle,3,175,1,GUDHIalpha,0.443395747
time,circle,2,200,1,GUDHIalpha,0.033209077
time,circle,3,200,1,GUDHIalpha,0.546260237
time,circle,2,225,1,GUDHIalpha,0.049323776
time,circle,3,225,1,GUDHIalpha,0.576093207
time,circle,2,250,1,GUDHIalpha,0.040907894
time,circle,3,250,1,GUDHIalpha,0.643113737
time,circle,2,275,1,GUDHIalpha,0.06362497
time,circle,3,275,1,GUDHIalpha,0.740406781
time,circle,2,300,1,GUDHIalpha,0.057764748
time,circle,3,300,1,GUDHIalpha,0.856105468
time,circle,2,325,1,GUDHIalpha,0.064078492
time,circle,3,325,1,GUDHIalpha,0.906231409
time,circle,2,350,1,GUDHIalpha,0.052034923
time,circle,3,350,1,GUDHIalpha,0.945414943
time,circle,2,375,1,GUDHIalpha,0.064676401
time,circle,3,375,1,GUDHIalpha,1.035322514
time,circle,2,400,1,GUDHIalpha,0.080373963
time,circle,3,400,1,GUDHIalpha,1.15415781
time,circle,2,425,1,GUDHIalpha,0.079873854
time,circle,3,425,1,GUDHIalpha,1.100647822
time,circle,2,450,1,GUDHIalpha,0.091634446
time,circle,3,450,1,GUDHIalpha,1.174754938
time,circle,2,475,1,GUDHIalpha,0.081973362
time,circle,3,475,1,GUDHIalpha,1.228179703
time,circle,2,500,1,GUDHIalpha,0.078071491
time,circle,3,500,1,GUDHIalpha,1.164765593
time,circle,3,50,2,GUDHIalpha,0.118730743
time,circle,3,75,2,GUDHIalpha,0.17419865
time,circle,3,100,2,GUDHIalpha,0.281525987
time,circle,3,125,2,GUDHIalpha,0.316353091
time,circle,3,150,2,GUDHIalpha,0.406373803
time,circle,3,175,2,GUDHIalpha,0.424320125
time,circle,3,200,2,GUDHIalpha,0.501230151
time,circle,3,225,2,GUDHIalpha,0.634359401
time,circle,3,250,2,GUDHIalpha,0.653507861
time,circle,3,275,2,GUDHIalpha,0.792230268
time,circle,3,300,2,GUDHIalpha,0.747247908
time,circle,3,325,2,GUDHIalpha,0.910329214
time,circle,3,350,2,GUDHIalpha,0.93281171
time,circle,3,375,2,GUDHIalpha,1.01897702
time,circle,3,400,2,GUDHIalpha,1.094312266
time,circle,3,425,2,GUDHIalpha,1.099049153
time,circle,3,450,2,GUDHIalpha,1.287037144
time,circle,3,475,2,GUDHIalpha,1.21948951
time,circle,3,500,2,GUDHIalpha,1.196740326
time,annulus,2,50,1,Dionysus,0.16210768
time,annulus,3,50,1,Dionysus,0.228386562
time,annulus,4,50,1,Dionysus,0.28326852
time,annulus,2,75,1,Dionysus,0.770434008
time,annulus,3,75,1,Dionysus,1.089493069
time,annulus,4,75,1,Dionysus,1.154258191
time,annulus,2,100,1,Dionysus,2.146368762
time,annulus,3,100,1,Dionysus,3.279838351
time,annulus,4,100,1,Dionysus,3.528311169
time,annulus,2,125,1,Dionysus,5.001486291
time,annulus,3,125,1,Dionysus,7.582470741
time,annulus,4,125,1,Dionysus,10.82789718
time,annulus,2,150,1,Dionysus,10.36065432
time,annulus,3,150,1,Dionysus,18.21853581
time,annulus,4,150,1,Dionysus,16.53923769
time,annulus,2,175,1,Dionysus,18.9380062
time,annulus,3,175,1,Dionysus,36.19226031
time,annulus,4,175,1,Dionysus,32.8877145
time,annulus,2,200,1,Dionysus,31.92973277
time,annulus,3,200,1,Dionysus,53.11292255
time,annulus,4,200,1,Dionysus,59.47820411
time,annulus,2,225,1,Dionysus,45.11431686
time,annulus,3,225,1,Dionysus,78.27547506
time,annulus,4,225,1,Dionysus,91.17466417
time,annulus,2,475,1,Dionysus,897.9770601
time,annulus,3,475,1,Dionysus,1578.489415
time,annulus,4,475,1,Dionysus,1984.749341
time,annulus,2,500,1,Dionysus,1144.337787
time,annulus,3,500,1,Dionysus,3197.033624
time,annulus,4,500,1,Dionysus,1650.653313
time,annulus,3,50,2,Dionysus,3.196872285
time,annulus,4,50,2,Dionysus,3.674500819
time,annulus,3,75,2,Dionysus,18.71720996
time,annulus,4,75,2,Dionysus,37.06497801
time,annulus,3,100,2,Dionysus,89.49360734
time,annulus,4,100,2,Dionysus,86.48067279
time,annulus,3,125,2,Dionysus,237.2329852
time,annulus,4,125,2,Dionysus,573.743393
time,annulus,3,150,2,Dionysus,498.9291687
time,annulus,4,150,2,Dionysus,1216.86084
time,annulus,3,175,2,Dionysus,1061.19542
time,annulus,4,175,2,Dionysus,2133.69775
time,circle,2,50,1,GUDHIalpha,0.012519489
time,annulus,4,200,2,Dionysus,5862.10776
time,annulus,4,50,3,Dionysus,37.55966332
time,annulus,4,75,3,Dionysus,306.2580124
time,annulus,4,100,3,Dionysus,3861.594808
time,annulus,2,50,1,GUDHI,0.007656766
time,annulus,3,50,1,GUDHI,0.008201484
time,annulus,4,50,1,GUDHI,0.00597527
time,annulus,2,75,1,GUDHI,0.020910136
time,annulus,3,75,1,GUDHI,0.021541639
time,annulus,4,75,1,GUDHI,0.022842664
time,annulus,2,100,1,GUDHI,0.05283346
time,annulus,3,100,1,GUDHI,0.050883731
time,annulus,4,100,1,GUDHI,0.053702737
time,annulus,2,125,1,GUDHI,0.119918371
time,annulus,3,125,1,GUDHI,0.110949696
time,annulus,4,125,1,GUDHI,0.111182637
time,annulus,2,150,1,GUDHI,0.21603622
time,annulus,3,150,1,GUDHI,0.197309965
time,annulus,4,150,1,GUDHI,0.20824317
time,annulus,2,175,1,GUDHI,0.337899538
time,annulus,3,175,1,GUDHI,0.380794359
time,annulus,4,175,1,GUDHI,0.337495555
time,annulus,2,200,1,GUDHI,0.538697868
time,annulus,3,200,1,GUDHI,0.545671434
time,annulus,4,200,1,GUDHI,0.525002481
time,annulus,2,225,1,GUDHI,0.812643634
time,annulus,3,225,1,GUDHI,0.823183571
time,annulus,4,225,1,GUDHI,0.794316781
time,annulus,2,250,1,GUDHI,1.133435691
time,annulus,3,250,1,GUDHI,1.172094767
time,annulus,4,250,1,GUDHI,1.143286877
time,annulus,2,275,1,GUDHI,1.664120723
time,annulus,3,275,1,GUDHI,1.645975921
time,annulus,4,275,1,GUDHI,1.633190763
time,annulus,2,300,1,GUDHI,2.22534297
time,annulus,3,300,1,GUDHI,2.29232146
time,annulus,4,300,1,GUDHI,2.305228254
time,annulus,2,325,1,GUDHI,3.10376964
time,annulus,3,325,1,GUDHI,3.059411584
time,annulus,4,325,1,GUDHI,3.113119126
time,annulus,2,350,1,GUDHI,4.05832913
time,annulus,3,350,1,GUDHI,3.992128455
time,annulus,4,350,1,GUDHI,3.988379801
time,annulus,2,375,1,GUDHI,4.949833442
time,annulus,3,375,1,GUDHI,5.015218867
time,annulus,4,375,1,GUDHI,5.099202468
time,annulus,2,400,1,GUDHI,6.345354542
time,annulus,3,400,1,GUDHI,6.369970248
time,annulus,4,400,1,GUDHI,6.243610314
time,annulus,2,425,1,GUDHI,7.993405217
time,annulus,3,425,1,GUDHI,7.824258139
time,annulus,4,425,1,GUDHI,8.038735633
time,annulus,2,450,1,GUDHI,9.449280854
time,annulus,3,450,1,GUDHI,9.510168875
time,annulus,4,450,1,GUDHI,10.31752703
time,annulus,2,475,1,GUDHI,11.89360467
time,annulus,3,475,1,GUDHI,11.89465641
time,annulus,4,475,1,GUDHI,11.76421196
time,annulus,2,500,1,GUDHI,14.37118664
time,annulus,3,500,1,GUDHI,14.26789772
time,annulus,4,500,1,GUDHI,14.03441287
time,annulus,3,50,2,GUDHI,0.114499339
time,annulus,4,50,2,GUDHI,0.116699902
time,annulus,3,75,2,GUDHI,0.720010318
time,annulus,4,75,2,GUDHI,0.73411003
time,annulus,3,100,2,GUDHI,2.647803719
time,annulus,4,100,2,GUDHI,2.701897423
time,annulus,3,125,2,GUDHI,7.585186969
time,annulus,4,125,2,GUDHI,7.502347438
time,annulus,3,150,2,GUDHI,17.48673751
time,annulus,4,150,2,GUDHI,17.47160586
time,annulus,3,175,2,GUDHI,35.22042078
time,annulus,4,175,2,GUDHI,35.85201712
time,annulus,3,200,2,GUDHI,66.24205671
time,annulus,4,200,2,GUDHI,65.35229373
time,annulus,3,225,2,GUDHI,112.7681624
time,annulus,4,225,2,GUDHI,112.6279471
time,annulus,3,250,2,GUDHI,176.6030017
time,annulus,4,250,2,GUDHI,177.9501937
time,annulus,3,275,2,GUDHI,279.1968857
time,annulus,4,275,2,GUDHI,283.2063282
time,annulus,3,300,2,GUDHI,852.167337
time,annulus,3,200,2,Dionysus,2934.400931
time,annulus,4,50,3,GUDHI,2.055209989
time,annulus,4,75,3,GUDHI,18.38642346
time,annulus,4,100,3,GUDHI,98.52084692
time,annulus,4,125,3,GUDHI,365.9071499
time,annulus,2,50,1,GUDHIalpha,0.00311428
time,annulus,3,50,1,GUDHIalpha,0.028527384
time,annulus,2,75,1,GUDHIalpha,0.004892048
time,annulus,3,75,1,GUDHIalpha,0.060084002
time,annulus,2,100,1,GUDHIalpha,0.005405818
time,annulus,3,100,1,GUDHIalpha,0.096675618
time,annulus,2,125,1,GUDHIalpha,0.006923723
time,annulus,3,125,1,GUDHIalpha,0.127125548
time,annulus,2,150,1,GUDHIalpha,0.008145946
time,annulus,3,150,1,GUDHIalpha,0.148790336
time,annulus,2,175,1,GUDHIalpha,0.00998608
time,annulus,3,175,1,GUDHIalpha,0.210447563
time,annulus,2,200,1,GUDHIalpha,0.011261587
time,annulus,3,200,1,GUDHIalpha,0.229558162
time,annulus,2,225,1,GUDHIalpha,0.014231998
time,annulus,3,225,1,GUDHIalpha,0.252875581
time,annulus,2,250,1,GUDHIalpha,0.015429373
time,annulus,3,250,1,GUDHIalpha,0.277171494
time,annulus,2,275,1,GUDHIalpha,0.015257496
time,annulus,3,275,1,GUDHIalpha,0.343034665
time,annulus,2,300,1,GUDHIalpha,0.018538596
time,annulus,3,300,1,GUDHIalpha,0.379200312
time,annulus,2,325,1,GUDHIalpha,0.020557076
time,annulus,3,325,1,GUDHIalpha,0.420836038
time,annulus,2,350,1,GUDHIalpha,0.021268764
time,annulus,3,350,1,GUDHIalpha,0.411689583
time,annulus,2,375,1,GUDHIalpha,0.022914208
time,annulus,3,375,1,GUDHIalpha,0.491727856
time,annulus,2,400,1,GUDHIalpha,0.024812191
time,annulus,3,400,1,GUDHIalpha,0.502796203
time,annulus,2,425,1,GUDHIalpha,0.025970177
time,annulus,3,425,1,GUDHIalpha,0.523537614
time,annulus,2,450,1,GUDHIalpha,0.028378209
time,annulus,3,450,1,GUDHIalpha,0.548886839
time,annulus,2,475,1,GUDHIalpha,0.029548243
time,annulus,3,475,1,GUDHIalpha,0.616589346
time,annulus,2,500,1,GUDHIalpha,0.031451646
time,annulus,3,500,1,GUDHIalpha,0.63798448
time,annulus,3,50,2,GUDHIalpha,0.024966473
time,annulus,3,75,2,GUDHIalpha,0.064982836
time,annulus,3,100,2,GUDHIalpha,0.088858422
time,annulus,3,125,2,GUDHIalpha,0.148372911
time,annulus,3,150,2,GUDHIalpha,0.172766767
time,annulus,3,175,2,GUDHIalpha,0.184240118
time,annulus,3,200,2,GUDHIalpha,0.217976847
time,annulus,3,225,2,GUDHIalpha,0.273087366
time,annulus,3,250,2,GUDHIalpha,0.29833204
time,annulus,3,275,2,GUDHIalpha,0.32550389
time,annulus,3,300,2,GUDHIalpha,0.385329519
time,annulus,3,325,2,GUDHIalpha,0.386553404
time,annulus,3,350,2,GUDHIalpha,0.427728136
time,annulus,3,375,2,GUDHIalpha,0.470653935
time,annulus,3,400,2,GUDHIalpha,0.487465705
time,annulus,3,425,2,GUDHIalpha,0.537552483
time,annulus,3,450,2,GUDHIalpha,0.602676273
time,annulus,3,475,2,GUDHIalpha,0.585676488
time,annulus,3,500,2,GUDHIalpha,0.60324321
time,uniform,2,50,1,Dionysus,0.159782181
time,uniform,3,50,1,Dionysus,0.169684753
time,uniform,4,50,1,Dionysus,0.158299327
time,uniform,5,50,1,Dionysus,0.237067756
time,uniform,2,75,1,Dionysus,0.629223722
time,uniform,3,75,1,Dionysus,0.89981747
time,uniform,4,75,1,Dionysus,1.046329703
time,uniform,5,75,1,Dionysus,1.037845595
time,uniform,2,100,1,Dionysus,2.205468603
time,uniform,3,100,1,Dionysus,2.666552826
time,uniform,4,100,1,Dionysus,2.828790642
time,uniform,5,100,1,Dionysus,3.426618365
time,uniform,2,125,1,Dionysus,3.883805921
time,uniform,3,125,1,Dionysus,4.755565417
time,uniform,4,125,1,Dionysus,3.623840064
time,uniform,5,125,1,Dionysus,7.693842586
time,uniform,2,150,1,Dionysus,10.33462825
time,uniform,3,150,1,Dionysus,14.42261475
time,uniform,4,150,1,Dionysus,12.56431192
time,uniform,5,150,1,Dionysus,15.9533446
time,uniform,2,175,1,Dionysus,19.30092134
time,uniform,3,175,1,Dionysus,15.99409183
time,uniform,4,175,1,Dionysus,19.54075154
time,uniform,5,175,1,Dionysus,19.07203173
time,uniform,2,200,1,Dionysus,30.43434188
time,uniform,3,200,1,Dionysus,39.13394328
time,uniform,4,200,1,Dionysus,43.1419824
time,uniform,5,200,1,Dionysus,27.49826276
time,uniform,2,225,1,Dionysus,43.73441777
time,uniform,3,225,1,Dionysus,44.00364774
time,uniform,4,225,1,Dionysus,46.86459703
time,uniform,5,225,1,Dionysus,43.54581481
time,uniform,2,250,1,Dionysus,57.22317431
time,uniform,3,250,1,Dionysus,91.88771913
time,uniform,4,250,1,Dionysus,78.01968541
time,uniform,5,250,1,Dionysus,80.60149348
time,uniform,2,275,1,Dionysus,111.7635011
time,uniform,3,275,1,Dionysus,158.9760059
time,uniform,4,275,1,Dionysus,134.2725086
time,uniform,5,275,1,Dionysus,218.8979644
time,uniform,2,300,1,Dionysus,109.4113707
time,uniform,3,300,1,Dionysus,156.2835623
time,uniform,4,300,1,Dionysus,116.6734284
time,uniform,5,300,1,Dionysus,187.6185887
time,uniform,2,325,1,Dionysus,232.331262
time,uniform,3,325,1,Dionysus,129.4033399
time,uniform,4,325,1,Dionysus,268.6912355
time,uniform,5,325,1,Dionysus,181.3213316
time,uniform,2,350,1,Dionysus,164.2397311
time,uniform,3,350,1,Dionysus,208.0846229
time,uniform,4,350,1,Dionysus,306.7300169
time,uniform,5,350,1,Dionysus,374.0180646
time,uniform,2,375,1,Dionysus,218.3692306
time,uniform,3,375,1,Dionysus,298.4158326
time,uniform,4,375,1,Dionysus,429.4896048
time,uniform,5,375,1,Dionysus,442.6442592
time,uniform,2,400,1,Dionysus,341.9676222
time,uniform,3,400,1,Dionysus,962.0074962
time,uniform,4,400,1,Dionysus,504.356979
time,uniform,5,400,1,Dionysus,419.3938788
time,uniform,2,425,1,Dionysus,499.4356255
time,uniform,3,425,1,Dionysus,456.1196702
time,uniform,4,425,1,Dionysus,367.3588333
time,uniform,5,425,1,Dionysus,749.8072236
time,uniform,2,450,1,Dionysus,958.3207434
time,uniform,3,450,1,Dionysus,694.7825236
time,uniform,4,450,1,Dionysus,774.7767022
time,annulus,4,300,2,GUDHI,921.2547198
time,uniform,2,475,1,Dionysus,618.844263
time,uniform,3,475,1,Dionysus,1219.871564
time,uniform,4,475,1,Dionysus,1645.688227
time,uniform,5,475,1,Dionysus,1412.453561
time,uniform,2,500,1,Dionysus,1615.780497
time,uniform,3,500,1,Dionysus,840.4459912
time,uniform,4,500,1,Dionysus,1491.827642
time,uniform,5,500,1,Dionysus,734.8429533
time,uniform,3,50,2,Dionysus,2.521004427
time,uniform,4,50,2,Dionysus,1.923695188
time,uniform,5,50,2,Dionysus,2.165609513
time,uniform,3,75,2,Dionysus,14.07029131
time,uniform,4,75,2,Dionysus,10.91268153
time,uniform,5,75,2,Dionysus,11.82965943
time,uniform,3,100,2,Dionysus,86.57522991
time,uniform,4,100,2,Dionysus,63.46585473
time,uniform,5,100,2,Dionysus,40.87753151
time,uniform,3,125,2,Dionysus,138.7953567
time,uniform,4,125,2,Dionysus,186.5078933
time,uniform,5,125,2,Dionysus,175.0505132
time,uniform,3,150,2,Dionysus,209.8899024
time,uniform,4,150,2,Dionysus,908.7150844
time,uniform,5,150,2,Dionysus,1075.633307
time,uniform,3,175,2,Dionysus,740.1132404
time,uniform,5,450,1,Dionysus,1216.380345
time,uniform,5,175,2,Dionysus,582.7822237
time,uniform,3,200,2,Dionysus,885.0811006
time,uniform,4,200,2,Dionysus,1410.309905
time,uniform,5,200,2,Dionysus,2988.733683
time,uniform,3,225,2,Dionysus,1783.325183
time,uniform,4,225,2,Dionysus,5422.121716
time,uniform,4,175,2,Dionysus,851.9249537
time,uniform,5,225,2,Dionysus,2094.309979
time,uniform,5,50,3,Dionysus,23.51623678
time,uniform,4,75,3,Dionysus,194.0572731
time,uniform,5,75,3,Dionysus,345.9544765
time,uniform,4,100,3,Dionysus,1268.599581
time,uniform,5,100,3,Dionysus,886.9687551
time,uniform,5,50,4,Dionysus,252.4435856
time,uniform,2,50,1,GUDHI,0.006262917
time,uniform,3,50,1,GUDHI,0.006230254
time,uniform,4,50,1,GUDHI,0.006073929
time,uniform,5,50,1,GUDHI,0.006095297
time,uniform,2,75,1,GUDHI,0.020993085
time,uniform,3,75,1,GUDHI,0.023962802
time,uniform,4,75,1,GUDHI,0.023851981
time,uniform,5,75,1,GUDHI,0.024486082
time,uniform,2,100,1,GUDHI,0.049256786
time,uniform,3,100,1,GUDHI,0.051369054
time,uniform,4,100,1,GUDHI,0.064404966
time,uniform,5,100,1,GUDHI,0.048802764
time,uniform,2,125,1,GUDHI,0.111971864
time,uniform,3,125,1,GUDHI,0.112082484
time,uniform,4,125,1,GUDHI,0.10930526
time,uniform,5,125,1,GUDHI,0.119523749
time,uniform,2,150,1,GUDHI,0.196162981
time,uniform,3,150,1,GUDHI,0.2006621
time,uniform,4,150,1,GUDHI,0.197276598
time,uniform,5,150,1,GUDHI,0.194655683
time,uniform,2,175,1,GUDHI,0.347109463
time,uniform,3,175,1,GUDHI,0.328392503
time,uniform,4,175,1,GUDHI,0.352551771
time,uniform,5,175,1,GUDHI,0.331236415
time,uniform,2,200,1,GUDHI,0.519110504
time,uniform,3,200,1,GUDHI,0.532278098
time,uniform,4,200,1,GUDHI,0.54925853
time,uniform,5,200,1,GUDHI,0.557897506
time,uniform,2,225,1,GUDHI,0.833306407
time,uniform,3,225,1,GUDHI,0.776147798
time,uniform,4,225,1,GUDHI,0.799889049
time,uniform,5,225,1,GUDHI,0.778923186
time,uniform,2,250,1,GUDHI,1.122576276
time,uniform,3,250,1,GUDHI,1.150529969
time,uniform,4,250,1,GUDHI,1.165467023
time,uniform,5,250,1,GUDHI,1.12160516
time,uniform,2,275,1,GUDHI,1.582310507
time,uniform,3,275,1,GUDHI,1.621131973
time,uniform,4,275,1,GUDHI,1.630885793
time,uniform,5,275,1,GUDHI,1.563548846
time,uniform,2,300,1,GUDHI,2.235702344
time,uniform,3,300,1,GUDHI,2.188628215
time,uniform,4,300,1,GUDHI,2.170812669
time,uniform,5,300,1,GUDHI,2.166579779
time,uniform,2,325,1,GUDHI,3.05776821
time,uniform,3,325,1,GUDHI,3.089310132
time,uniform,4,325,1,GUDHI,2.999809157
time,uniform,5,325,1,GUDHI,2.974548047
time,uniform,2,350,1,GUDHI,3.902981732
time,uniform,3,350,1,GUDHI,4.026055434
time,uniform,4,350,1,GUDHI,4.014533584
time,uniform,5,350,1,GUDHI,3.990709111
time,uniform,2,375,1,GUDHI,4.942709351
time,uniform,3,375,1,GUDHI,4.906019472
time,uniform,4,375,1,GUDHI,5.194377834
time,uniform,5,375,1,GUDHI,4.965680284
time,uniform,2,400,1,GUDHI,6.367377805
time,uniform,3,400,1,GUDHI,6.52995861
time,uniform,4,400,1,GUDHI,6.255058897
time,uniform,5,400,1,GUDHI,6.233275283
time,uniform,2,425,1,GUDHI,7.69474781
time,uniform,3,425,1,GUDHI,7.757306057
time,uniform,4,425,1,GUDHI,7.873200898
time,uniform,5,425,1,GUDHI,7.888796874
time,uniform,2,450,1,GUDHI,9.586132317
time,uniform,3,450,1,GUDHI,9.704410491
time,uniform,4,450,1,GUDHI,9.563091748
time,uniform,5,450,1,GUDHI,9.647582787
time,uniform,2,475,1,GUDHI,11.98210847
time,uniform,3,475,1,GUDHI,11.53029894
time,uniform,4,475,1,GUDHI,11.72803677
time,uniform,5,475,1,GUDHI,11.78071071
time,uniform,2,500,1,GUDHI,13.96319781
time,uniform,3,500,1,GUDHI,14.05263967
time,uniform,4,500,1,GUDHI,14.15225863
time,uniform,5,500,1,GUDHI,14.05286246
time,uniform,3,50,2,GUDHI,0.112891553
time,uniform,4,50,2,GUDHI,0.111272892
time,uniform,5,50,2,GUDHI,0.11352056
time,uniform,3,75,2,GUDHI,0.703742875
time,uniform,4,75,2,GUDHI,0.75175197
time,uniform,5,75,2,GUDHI,0.709644408
time,uniform,3,100,2,GUDHI,2.62216896
time,uniform,4,100,2,GUDHI,2.656360681
time,uniform,5,100,2,GUDHI,3.022602979
time,uniform,3,125,2,GUDHI,7.491686416
time,uniform,4,125,2,GUDHI,7.221924615
time,uniform,5,125,2,GUDHI,7.714432666
time,uniform,3,150,2,GUDHI,17.49192309
time,uniform,4,150,2,GUDHI,17.04854812
time,uniform,5,150,2,GUDHI,17.67991463
time,uniform,3,175,2,GUDHI,35.33871458
time,uniform,4,175,2,GUDHI,34.75684149
time,uniform,5,175,2,GUDHI,35.27205423
time,uniform,3,200,2,GUDHI,66.41794758
time,uniform,4,200,2,GUDHI,65.28875079
time,uniform,5,200,2,GUDHI,65.58006777
time,uniform,3,225,2,GUDHI,110.4204793
time,uniform,4,225,2,GUDHI,112.6482535
time,uniform,5,225,2,GUDHI,110.2774917
time,uniform,3,250,2,GUDHI,172.4794275
time,uniform,4,250,2,GUDHI,178.7734071
time,uniform,5,250,2,GUDHI,174.7605396
time,uniform,3,275,2,GUDHI,276.7954505
time,uniform,4,275,2,GUDHI,275.9371088
time,uniform,5,275,2,GUDHI,278.1248093
time,uniform,3,300,2,GUDHI,963.0137576
time,uniform,4,300,2,GUDHI,856.2081797
time,uniform,5,300,2,GUDHI,899.0600223
time,uniform,4,50,3,Dionysus,27.35783251
time,uniform,5,50,3,GUDHI,1.996805429
time,uniform,4,75,3,GUDHI,18.6960902
time,uniform,5,75,3,GUDHI,18.54839814
time,uniform,4,100,3,GUDHI,97.10004012
time,uniform,5,100,3,GUDHI,99.0800611
time,uniform,4,125,3,GUDHI,380.5332075
time,uniform,5,125,3,GUDHI,387.4288975
time,uniform,5,50,4,GUDHI,23.77443139
time,uniform,5,75,4,GUDHI,404.5693879
time,uniform,4,50,3,GUDHI,1.933758667
time,uniform,3,50,1,GUDHIalpha,0.034818792
time,uniform,2,75,1,GUDHIalpha,0.004337857
time,uniform,3,75,1,GUDHIalpha,0.066316703
time,uniform,2,100,1,GUDHIalpha,0.005396964
time,uniform,3,100,1,GUDHIalpha,0.094412716
time,uniform,2,125,1,GUDHIalpha,0.007971367
time,uniform,3,125,1,GUDHIalpha,0.10983622
time,uniform,2,150,1,GUDHIalpha,0.008394915
time,uniform,3,150,1,GUDHIalpha,0.148908929
time,uniform,2,175,1,GUDHIalpha,0.010304492
time,uniform,3,175,1,GUDHIalpha,0.176299997
time,uniform,2,200,1,GUDHIalpha,0.011634057
time,uniform,3,200,1,GUDHIalpha,0.204885558
time,uniform,2,225,1,GUDHIalpha,0.013454683
time,uniform,3,225,1,GUDHIalpha,0.231102958
time,uniform,2,250,1,GUDHIalpha,0.015083477
time,uniform,3,250,1,GUDHIalpha,0.272578446
time,uniform,2,275,1,GUDHIalpha,0.017035787
time,uniform,3,275,1,GUDHIalpha,0.295453656
time,uniform,2,300,1,GUDHIalpha,0.018266128
time,uniform,3,300,1,GUDHIalpha,0.297898286
time,uniform,2,325,1,GUDHIalpha,0.021169778
time,uniform,3,325,1,GUDHIalpha,0.335544154
time,uniform,2,350,1,GUDHIalpha,0.021877164
time,uniform,3,350,1,GUDHIalpha,0.368648368
time,uniform,2,375,1,GUDHIalpha,0.022803782
time,uniform,3,375,1,GUDHIalpha,0.392383139
time,uniform,2,400,1,GUDHIalpha,0.02534368
time,uniform,3,400,1,GUDHIalpha,0.419841468
time,uniform,2,425,1,GUDHIalpha,0.026683735
time,uniform,3,425,1,GUDHIalpha,0.437669942
time,uniform,2,450,1,GUDHIalpha,0.028533867
time,uniform,3,450,1,GUDHIalpha,0.475143491
time,uniform,2,475,1,GUDHIalpha,0.031133506
time,uniform,3,475,1,GUDHIalpha,0.522921182
time,uniform,2,500,1,GUDHIalpha,0.030763289
time,uniform,3,500,1,GUDHIalpha,0.527935852
time,uniform,3,50,2,GUDHIalpha,0.039445853
time,uniform,3,75,2,GUDHIalpha,0.059437721
time,uniform,3,100,2,GUDHIalpha,0.086310974
time,uniform,3,125,2,GUDHIalpha,0.123478587
time,uniform,3,150,2,GUDHIalpha,0.150087349
time,uniform,3,175,2,GUDHIalpha,0.177092796
time,uniform,3,200,2,GUDHIalpha,0.19788714
time,uniform,3,225,2,GUDHIalpha,0.231361671
time,uniform,3,250,2,GUDHIalpha,0.268432778
time,uniform,3,275,2,GUDHIalpha,0.273692106
time,uniform,3,300,2,GUDHIalpha,0.2823617
time,uniform,3,325,2,GUDHIalpha,0.344448591
time,uniform,3,350,2,GUDHIalpha,0.36056343
time,uniform,3,375,2,GUDHIalpha,0.416669882
time,uniform,3,400,2,GUDHIalpha,0.405334043
time,uniform,3,425,2,GUDHIalpha,0.467861898
time,uniform,3,450,2,GUDHIalpha,0.473440193
time,uniform,3,475,2,GUDHIalpha,0.492380011
time,uniform,3,500,2,GUDHIalpha,0.5540737
time,torus,3,50,1,GUDHI,0.005930344
time,torus,3,75,1,GUDHI,0.021247705
time,torus,3,100,1,GUDHI,0.049018935
time,torus,3,125,1,GUDHI,0.114763777
time,torus,3,150,1,GUDHI,0.201269133
time,torus,3,175,1,GUDHI,0.34536671
time,torus,3,200,1,GUDHI,0.51360397
time,torus,3,225,1,GUDHI,0.814081838
time,torus,3,250,1,GUDHI,1.159836076
time,torus,3,275,1,GUDHI,1.709853294
time,torus,3,300,1,GUDHI,2.248163648
time,torus,3,325,1,GUDHI,3.310283734
time,torus,3,350,1,GUDHI,4.155162692
time,torus,3,375,1,GUDHI,5.181593101
time,torus,3,400,1,GUDHI,6.714819363
time,torus,3,425,1,GUDHI,8.313495475
time,torus,3,450,1,GUDHI,10.02595835
time,torus,3,475,1,GUDHI,12.16074437
time,torus,3,500,1,GUDHI,14.5696375
time,torus,3,50,2,GUDHI,0.114845307
time,torus,3,75,2,GUDHI,0.755755785
time,torus,3,100,2,GUDHI,2.601950884
time,torus,3,125,2,GUDHI,7.259294274
time,torus,3,150,2,GUDHI,17.69507189
time,torus,3,175,2,GUDHI,34.83589615
time,torus,3,200,2,GUDHI,63.913025
time,torus,3,225,2,GUDHI,110.6615974
time,torus,3,250,2,GUDHI,173.5281976
time,torus,3,275,2,GUDHI,280.473493
time,torus,3,300,2,GUDHI,922.7357298
time,torus,3,50,1,GUDHIalpha,0.018044653
time,torus,3,75,1,GUDHIalpha,0.027903718
time,torus,3,100,1,GUDHIalpha,0.040292268
time,torus,3,125,1,GUDHIalpha,0.052993699
time,torus,3,150,1,GUDHIalpha,0.067588095
time,torus,3,175,1,GUDHIalpha,0.09428537
time,torus,3,200,1,GUDHIalpha,0.100397825
time,torus,3,225,1,GUDHIalpha,0.142330595
time,torus,3,250,1,GUDHIalpha,0.182019704
time,torus,3,275,1,GUDHIalpha,0.181664739
time,torus,3,300,1,GUDHIalpha,0.208517138
time,torus,3,325,1,GUDHIalpha,0.236062974
time,torus,3,350,1,GUDHIalpha,0.26782885
time,torus,3,375,1,GUDHIalpha,0.306868567
time,torus,3,400,1,GUDHIalpha,0.343169858
time,torus,3,425,1,GUDHIalpha,0.339014847
time,torus,3,450,1,GUDHIalpha,0.37576117
time,torus,3,475,1,GUDHIalpha,0.401074976
time,torus,3,500,1,GUDHIalpha,0.451252203
time,torus,3,50,2,GUDHIalpha,0.01474946
time,torus,3,75,2,GUDHIalpha,0.025218725
time,torus,3,100,2,GUDHIalpha,0.036389827
time,torus,3,125,2,GUDHIalpha,0.054898509
time,torus,3,150,2,GUDHIalpha,0.072876197
time,torus,3,175,2,GUDHIalpha,0.101987555
time,torus,3,200,2,GUDHIalpha,0.12671644
time,torus,3,225,2,GUDHIalpha,0.125090032
time,torus,3,250,2,GUDHIalpha,0.146928437
time,torus,3,275,2,GUDHIalpha,0.200729834
time,torus,3,300,2,GUDHIalpha,0.206726196
time,torus,3,325,2,GUDHIalpha,0.23573473
time,torus,3,350,2,GUDHIalpha,0.260534361
time,torus,3,375,2,GUDHIalpha,0.3122676
time,torus,3,400,2,GUDHIalpha,0.334959599
time,torus,3,425,2,GUDHIalpha,0.362041063
time,torus,3,450,2,GUDHIalpha,0.386523129
time,torus,3,475,2,GUDHIalpha,0.401886439
time,torus,3,500,2,GUDHIalpha,0.450340949
time,uniform,2,50,1,GUDHIalpha,0.003186727